{
 "ours_50000": {
  "SSIM": {
   "00000.png": 0.7151761054992676,
   "00001.png": 0.8860473036766052,
   "00002.png": 0.49306586384773254,
   "00003.png": 0.7094044089317322,
   "00004.png": 0.8320353627204895,
   "00005.png": 0.8534242510795593,
   "00006.png": 0.84262615442276,
   "00007.png": 0.7559959292411804,
   "00008.png": 0.8691176772117615,
   "00009.png": 0.7912647128105164,
   "00010.png": 0.8159942030906677,
   "00011.png": 0.5863298773765564,
   "00012.png": 0.8637365102767944,
   "00013.png": 0.6732485294342041,
   "00014.png": 0.792678952217102
  },
  "PSNR": {
   "00000.png": 15.960224151611328,
   "00001.png": 23.850563049316406,
   "00002.png": 11.44782543182373,
   "00003.png": 17.637496948242188,
   "00004.png": 18.91594696044922,
   "00005.png": 22.1781005859375,
   "00006.png": 25.07274627685547,
   "00007.png": 17.094017028808594,
   "00008.png": 22.0053768157959,
   "00009.png": 15.256591796875,
   "00010.png": 22.469682693481445,
   "00011.png": 15.524821281433105,
   "00012.png": 21.909473419189453,
   "00013.png": 15.145910263061523,
   "00014.png": 16.436908721923828
  },
  "LPIPS": {
   "00000.png": 0.4319910407066345,
   "00001.png": 0.3157353401184082,
   "00002.png": 0.5840102434158325,
   "00003.png": 0.4954639673233032,
   "00004.png": 0.339705228805542,
   "00005.png": 0.3278481364250183,
   "00006.png": 0.2825220823287964,
   "00007.png": 0.44830501079559326,
   "00008.png": 0.26029902696609497,
   "00009.png": 0.38193032145500183,
   "00010.png": 0.3511383533477783,
   "00011.png": 0.5844059586524963,
   "00012.png": 0.25536543130874634,
   "00013.png": 0.4724007248878479,
   "00014.png": 0.3860526978969574
  }
 }
}