{
 "ours_50000": {
  "SSIM": 0.7653430104255676,
  "PSNR": 18.727046966552734,
  "LPIPS": 0.3944782018661499
 }
}